Dataset Size,Number of Ants,Alpha,Beta,Evaporation,Q,Iterations,Result
100,50,0.10,1.00,0.10,0,200,4752.0
100,50,0.10,1.00,0.10,5,200,3839.0
100,50,0.10,1.00,0.10,10,200,3781.0
100,50,0.10,1.00,0.10,15,200,3694.0
100,50,0.10,1.00,0.40,0,200,4752.0
100,50,0.10,1.00,0.40,5,200,4309.0
100,50,0.10,1.00,0.40,10,200,4366.0
100,50,0.10,1.00,0.40,15,200,4339.0
100,50,0.10,1.00,0.70,0,200,4752.0
100,50,0.10,1.00,0.70,5,200,4627.0
100,50,0.10,1.00,0.70,10,200,4451.0
100,50,0.10,1.00,0.70,15,200,4520.0
100,50,0.10,1.00,1.00,0,200,4752.0
100,50,0.10,1.00,1.00,5,200,4752.0
100,50,0.10,1.00,1.00,10,200,4790.0
100,50,0.10,1.00,1.00,15,200,4726.0
100,50,0.10,2.00,0.10,0,200,3460.0
100,50,0.10,2.00,0.10,5,200,2641.0
100,50,0.10,2.00,0.10,10,200,2710.0
100,50,0.10,2.00,0.10,15,200,2633.0
100,50,0.10,2.00,0.40,0,200,3460.0
100,50,0.10,2.00,0.40,5,200,2926.0
100,50,0.10,2.00,0.40,10,200,3030.0
100,50,0.10,2.00,0.40,15,200,2866.0
100,50,0.10,2.00,0.70,0,200,3460.0
100,50,0.10,2.00,0.70,5,200,3173.0
100,50,0.10,2.00,0.70,10,200,3186.0
100,50,0.10,2.00,0.70,15,200,3236.0
100,50,0.10,2.00,1.00,0,200,3460.0
100,50,0.10,2.00,1.00,5,200,3497.0
100,50,0.10,2.00,1.00,10,200,3420.0
100,50,0.10,2.00,1.00,15,200,3494.0
100,50,0.10,3.00,0.10,0,200,2751.0
100,50,0.10,3.00,0.10,5,200,2278.0
100,50,0.10,3.00,0.10,10,200,2271.0
100,50,0.10,3.00,0.10,15,200,2258.0
100,50,0.10,3.00,0.40,0,200,2751.0
100,50,0.10,3.00,0.40,5,200,2407.0
100,50,0.10,3.00,0.40,10,200,2363.0
100,50,0.10,3.00,0.40,15,200,2363.0
100,50,0.10,3.00,0.70,0,200,2751.0
100,50,0.10,3.00,0.70,5,200,2516.0
100,50,0.10,3.00,0.70,10,200,2523.0
100,50,0.10,3.00,0.70,15,200,2529.0
100,50,0.10,3.00,1.00,0,200,2751.0
100,50,0.10,3.00,1.00,5,200,2713.0
100,50,0.10,3.00,1.00,10,200,2658.0
100,50,0.10,3.00,1.00,15,200,2662.0
100,50,0.10,4.00,0.10,0,200,2320.0
100,50,0.10,4.00,0.10,5,200,2083.0
100,50,0.10,4.00,0.10,10,200,2048.0
100,50,0.10,4.00,0.10,15,200,2069.0
100,50,0.10,4.00,0.40,0,200,2320.0
100,50,0.10,4.00,0.40,5,200,2156.0
100,50,0.10,4.00,0.40,10,200,2066.0
100,50,0.10,4.00,0.40,15,200,2107.0
100,50,0.10,4.00,0.70,0,200,2320.0
100,50,0.10,4.00,0.70,5,200,2224.0
100,50,0.10,4.00,0.70,10,200,2169.0
100,50,0.10,4.00,0.70,15,200,2214.0
100,50,0.10,4.00,1.00,0,200,2320.0
100,50,0.10,4.00,1.00,5,200,2293.0
100,50,0.10,4.00,1.00,10,200,2330.0
100,50,0.10,4.00,1.00,15,200,2309.0
100,50,0.10,5.00,0.10,0,200,2135.0
100,50,0.10,5.00,0.10,5,200,2005.0
100,50,0.10,5.00,0.10,10,200,2012.0
100,50,0.10,5.00,0.10,15,200,2015.0
100,50,0.10,5.00,0.40,0,200,2135.0
100,50,0.10,5.00,0.40,5,200,2025.0
100,50,0.10,5.00,0.40,10,200,2072.0
100,50,0.10,5.00,0.40,15,200,2024.0
100,50,0.10,5.00,0.70,0,200,2135.0
100,50,0.10,5.00,0.70,5,200,2025.0
100,50,0.10,5.00,0.70,10,200,2092.0
100,50,0.10,5.00,0.70,15,200,2073.0
100,50,0.10,5.00,1.00,0,200,2135.0
100,50,0.10,5.00,1.00,5,200,2157.0
100,50,0.10,5.00,1.00,10,200,2126.0
100,50,0.10,5.00,1.00,15,200,2155.0
100,50,0.60,1.00,0.10,0,200,4752.0
100,50,0.60,1.00,0.10,5,200,2592.0
100,50,0.60,1.00,0.10,10,200,2557.0
100,50,0.60,1.00,0.10,15,200,2658.0
100,50,0.60,1.00,0.40,0,200,4752.0
100,50,0.60,1.00,0.40,5,200,2649.0
100,50,0.60,1.00,0.40,10,200,2753.0
100,50,0.60,1.00,0.40,15,200,2690.0
100,50,0.60,1.00,0.70,0,200,4752.0
100,50,0.60,1.00,0.70,5,200,2919.0
100,50,0.60,1.00,0.70,10,200,2868.0
100,50,0.60,1.00,0.70,15,200,2926.0
100,50,0.60,1.00,1.00,0,200,4752.0
100,50,0.60,1.00,1.00,5,200,4720.0
100,50,0.60,1.00,1.00,10,200,4624.0
100,50,0.60,1.00,1.00,15,200,4459.0
100,50,0.60,2.00,0.10,0,200,3460.0
100,50,0.60,2.00,0.10,5,200,2129.0
100,50,0.60,2.00,0.10,10,200,2115.0
100,50,0.60,2.00,0.10,15,200,2093.0
100,50,0.60,2.00,0.40,0,200,3460.0
100,50,0.60,2.00,0.40,5,200,2188.0
100,50,0.60,2.00,0.40,10,200,2181.0
100,50,0.60,2.00,0.40,15,200,2123.0
100,50,0.60,2.00,0.70,0,200,3460.0
100,50,0.60,2.00,0.70,5,200,2175.0
100,50,0.60,2.00,0.70,10,200,2183.0
100,50,0.60,2.00,0.70,15,200,2203.0
100,50,0.60,2.00,1.00,0,200,3460.0
100,50,0.60,2.00,1.00,5,200,3215.0
100,50,0.60,2.00,1.00,10,200,3137.0
100,50,0.60,2.00,1.00,15,200,3111.0
100,50,0.60,3.00,0.10,0,200,2751.0
100,50,0.60,3.00,0.10,5,200,1994.0
100,50,0.60,3.00,0.10,10,200,1948.0
100,50,0.60,3.00,0.10,15,200,1987.0
100,50,0.60,3.00,0.40,0,200,2751.0
100,50,0.60,3.00,0.40,5,200,1983.0
100,50,0.60,3.00,0.40,10,200,1925.0
100,50,0.60,3.00,0.40,15,200,1982.0
100,50,0.60,3.00,0.70,0,200,2751.0
100,50,0.60,3.00,0.70,5,200,2026.0
100,50,0.60,3.00,0.70,10,200,2010.0
100,50,0.60,3.00,0.70,15,200,2009.0
100,50,0.60,3.00,1.00,0,200,2751.0
100,50,0.60,3.00,1.00,5,200,2550.0
100,50,0.60,3.00,1.00,10,200,2464.0
100,50,0.60,3.00,1.00,15,200,2353.0
100,50,0.60,4.00,0.10,0,200,2320.0
100,50,0.60,4.00,0.10,5,200,1895.0
100,50,0.60,4.00,0.10,10,200,1929.0
100,50,0.60,4.00,0.10,15,200,1878.0
100,50,0.60,4.00,0.40,0,200,2320.0
100,50,0.60,4.00,0.40,5,200,1919.0
100,50,0.60,4.00,0.40,10,200,1945.0
100,50,0.60,4.00,0.40,15,200,1948.0
100,50,0.60,4.00,0.70,0,200,2320.0
100,50,0.60,4.00,0.70,5,200,1951.0
100,50,0.60,4.00,0.70,10,200,1929.0
100,50,0.60,4.00,0.70,15,200,1929.0
100,50,0.60,4.00,1.00,0,200,2320.0
100,50,0.60,4.00,1.00,5,200,2187.0
100,50,0.60,4.00,1.00,10,200,2148.0
100,50,0.60,4.00,1.00,15,200,2089.0
100,50,0.60,5.00,0.10,0,200,2135.0
100,50,0.60,5.00,0.10,5,200,1875.0
100,50,0.60,5.00,0.10,10,200,1896.0
100,50,0.60,5.00,0.10,15,200,1889.0
100,50,0.60,5.00,0.40,0,200,2135.0
100,50,0.60,5.00,0.40,5,200,1898.0
100,50,0.60,5.00,0.40,10,200,1876.0
100,50,0.60,5.00,0.40,15,200,1907.0
100,50,0.60,5.00,0.70,0,200,2135.0
100,50,0.60,5.00,0.70,5,200,1912.0
100,50,0.60,5.00,0.70,10,200,1889.0
100,50,0.60,5.00,0.70,15,200,1873.0
100,50,0.60,5.00,1.00,0,200,2135.0
100,50,0.60,5.00,1.00,5,200,2070.0
100,50,0.60,5.00,1.00,10,200,1995.0
100,50,0.60,5.00,1.00,15,200,1964.0
100,50,1.10,1.00,0.10,0,200,4752.0
100,50,1.10,1.00,0.10,5,200,1932.0
100,50,1.10,1.00,0.10,10,200,1912.0
100,50,1.10,1.00,0.10,15,200,1987.0
100,50,1.10,1.00,0.40,0,200,4752.0
100,50,1.10,1.00,0.40,5,200,1954.0
100,50,1.10,1.00,0.40,10,200,1887.0
100,50,1.10,1.00,0.40,15,200,1880.0
100,50,1.10,1.00,0.70,0,200,4752.0
100,50,1.10,1.00,0.70,5,200,1872.0
100,50,1.10,1.00,0.70,10,200,1889.0
100,50,1.10,1.00,0.70,15,200,1894.0
100,50,1.10,1.00,1.00,0,200,4752.0
100,50,1.10,1.00,1.00,5,200,4588.0
100,50,1.10,1.00,1.00,10,200,4380.0
100,50,1.10,1.00,1.00,15,200,4143.0
100,50,1.10,2.00,0.10,0,200,3460.0
100,50,1.10,2.00,0.10,5,200,1950.0
100,50,1.10,2.00,0.10,10,200,1910.0
100,50,1.10,2.00,0.10,15,200,1875.0
100,50,1.10,2.00,0.40,0,200,3460.0
100,50,1.10,2.00,0.40,5,200,1870.0
100,50,1.10,2.00,0.40,10,200,1875.0
100,50,1.10,2.00,0.40,15,200,1861.0
100,50,1.10,2.00,0.70,0,200,3460.0
100,50,1.10,2.00,0.70,5,200,1862.0
100,50,1.10,2.00,0.70,10,200,1911.0
100,50,1.10,2.00,0.70,15,200,1853.0
100,50,1.10,2.00,1.00,0,200,3460.0
100,50,1.10,2.00,1.00,5,200,3048.0
100,50,1.10,2.00,1.00,10,200,2872.0
100,50,1.10,2.00,1.00,15,200,2759.0
100,50,1.10,3.00,0.10,0,200,2751.0
100,50,1.10,3.00,0.10,5,200,1908.0
100,50,1.10,3.00,0.10,10,200,1907.0
100,50,1.10,3.00,0.10,15,200,1886.0
100,50,1.10,3.00,0.40,0,200,2751.0
100,50,1.10,3.00,0.40,5,200,1894.0
100,50,1.10,3.00,0.40,10,200,1861.0
100,50,1.10,3.00,0.40,15,200,1846.0
100,50,1.10,3.00,0.70,0,200,2751.0
100,50,1.10,3.00,0.70,5,200,1848.0
100,50,1.10,3.00,0.70,10,200,1881.0
100,50,1.10,3.00,0.70,15,200,1830.0
100,50,1.10,3.00,1.00,0,200,2751.0
100,50,1.10,3.00,1.00,5,200,2389.0
100,50,1.10,3.00,1.00,10,200,2200.0
100,50,1.10,3.00,1.00,15,200,2188.0
100,50,1.10,4.00,0.10,0,200,2320.0
100,50,1.10,4.00,0.10,5,200,1892.0
100,50,1.10,4.00,0.10,10,200,1877.0
100,50,1.10,4.00,0.10,15,200,1854.0
100,50,1.10,4.00,0.40,0,200,2320.0
100,50,1.10,4.00,0.40,5,200,1875.0
100,50,1.10,4.00,0.40,10,200,1857.0
100,50,1.10,4.00,0.40,15,200,1887.0
100,50,1.10,4.00,0.70,0,200,2320.0
100,50,1.10,4.00,0.70,5,200,1877.0
100,50,1.10,4.00,0.70,10,200,1862.0
100,50,1.10,4.00,0.70,15,200,1875.0
100,50,1.10,4.00,1.00,0,200,2320.0
100,50,1.10,4.00,1.00,5,200,2116.0
100,50,1.10,4.00,1.00,10,200,2040.0
100,50,1.10,4.00,1.00,15,200,1996.0
100,50,1.10,5.00,0.10,0,200,2135.0
100,50,1.10,5.00,0.10,5,200,1868.0
100,50,1.10,5.00,0.10,10,200,1849.0
100,50,1.10,5.00,0.10,15,200,1879.0
100,50,1.10,5.00,0.40,0,200,2135.0
100,50,1.10,5.00,0.40,5,200,1890.0
100,50,1.10,5.00,0.40,10,200,1852.0
100,50,1.10,5.00,0.40,15,200,1892.0
100,50,1.10,5.00,0.70,0,200,2135.0
100,50,1.10,5.00,0.70,5,200,1887.0
100,50,1.10,5.00,0.70,10,200,1864.0
100,50,1.10,5.00,0.70,15,200,1881.0
100,50,1.10,5.00,1.00,0,200,2135.0
100,50,1.10,5.00,1.00,5,200,2013.0
100,50,1.10,5.00,1.00,10,200,1933.0
100,50,1.10,5.00,1.00,15,200,1934.0
100,50,1.60,1.00,0.10,0,200,4752.0
100,50,1.60,1.00,0.10,5,200,2090.0
100,50,1.60,1.00,0.10,10,200,2115.0
100,50,1.60,1.00,0.10,15,200,2220.0
100,50,1.60,1.00,0.40,0,200,4752.0
100,50,1.60,1.00,0.40,5,200,1999.0
100,50,1.60,1.00,0.40,10,200,2025.0
100,50,1.60,1.00,0.40,15,200,2053.0
100,50,1.60,1.00,0.70,0,200,4752.0
100,50,1.60,1.00,0.70,5,200,1940.0
100,50,1.60,1.00,0.70,10,200,1950.0
100,50,1.60,1.00,0.70,15,200,1963.0
100,50,1.60,1.00,1.00,0,200,4752.0
100,50,1.60,1.00,1.00,5,200,4447.0
100,50,1.60,1.00,1.00,10,200,4179.0
100,50,1.60,1.00,1.00,15,200,3798.0
100,50,1.60,2.00,0.10,0,200,3460.0
100,50,1.60,2.00,0.10,5,200,1982.0
100,50,1.60,2.00,0.10,10,200,1940.0
100,50,1.60,2.00,0.10,15,200,1936.0
100,50,1.60,2.00,0.40,0,200,3460.0
100,50,1.60,2.00,0.40,5,200,1886.0
100,50,1.60,2.00,0.40,10,200,1900.0
100,50,1.60,2.00,0.40,15,200,1962.0
100,50,1.60,2.00,0.70,0,200,3460.0
100,50,1.60,2.00,0.70,5,200,1900.0
100,50,1.60,2.00,0.70,10,200,1863.0
100,50,1.60,2.00,0.70,15,200,1852.0
100,50,1.60,2.00,1.00,0,200,3460.0
100,50,1.60,2.00,1.00,5,200,2853.0
100,50,1.60,2.00,1.00,10,200,2565.0
100,50,1.60,2.00,1.00,15,200,2386.0
100,50,1.60,3.00,0.10,0,200,2506.0
100,50,1.60,3.00,0.10,5,200,1851.0
100,50,1.60,3.00,0.10,10,200,1917.0
100,50,1.60,3.00,0.10,15,200,1900.0
100,50,1.60,3.00,0.40,0,200,2751.0
100,50,1.60,3.00,0.40,5,200,1880.0
100,50,1.60,3.00,0.40,10,200,1864.0
100,50,1.60,3.00,0.40,15,200,1859.0
100,50,1.60,3.00,0.70,0,200,2751.0
100,50,1.60,3.00,0.70,5,200,1859.0
100,50,1.60,3.00,0.70,10,200,1897.0
100,50,1.60,3.00,0.70,15,200,1843.0
100,50,1.60,3.00,1.00,0,200,2751.0
100,50,1.60,3.00,1.00,5,200,2221.0
100,50,1.60,3.00,1.00,10,200,2056.0
100,50,1.60,3.00,1.00,15,200,1973.0
100,50,1.60,4.00,0.10,0,200,2320.0
100,50,1.60,4.00,0.10,5,200,1920.0
100,50,1.60,4.00,0.10,10,200,1897.0
100,50,1.60,4.00,0.10,15,200,1855.0
100,50,1.60,4.00,0.40,0,200,2320.0
100,50,1.60,4.00,0.40,5,200,1867.0
100,50,1.60,4.00,0.40,10,200,1859.0
100,50,1.60,4.00,0.40,15,200,1857.0
100,50,1.60,4.00,0.70,0,200,2320.0
100,50,1.60,4.00,0.70,5,200,1861.0
100,50,1.60,4.00,0.70,10,200,1855.0
100,50,1.60,4.00,0.70,15,200,1862.0
100,50,1.60,4.00,1.00,0,200,2320.0
100,50,1.60,4.00,1.00,5,200,2005.0
100,50,1.60,4.00,1.00,10,200,1955.0
100,50,1.60,4.00,1.00,15,200,1910.0
100,50,1.60,5.00,0.10,0,200,2135.0
100,50,1.60,5.00,0.10,5,200,1843.0
100,50,1.60,5.00,0.10,10,200,1897.0
100,50,1.60,5.00,0.10,15,200,1914.0
100,50,1.60,5.00,0.40,0,200,2135.0
100,50,1.60,5.00,0.40,5,200,1893.0
100,50,1.60,5.00,0.40,10,200,1859.0
100,50,1.60,5.00,0.40,15,200,1861.0
100,50,1.60,5.00,0.70,0,200,2135.0
100,50,1.60,5.00,0.70,5,200,1853.0
100,50,1.60,5.00,0.70,10,200,1891.0
100,50,1.60,5.00,0.70,15,200,1854.0
100,50,1.60,5.00,1.00,0,200,2135.0
100,50,1.60,5.00,1.00,5,200,1933.0
100,50,1.60,5.00,1.00,10,200,1887.0
100,50,1.60,5.00,1.00,15,200,1895.0
100,50,2.10,1.00,0.10,0,200,4752.0
100,50,2.10,1.00,0.10,5,200,2234.0
100,50,2.10,1.00,0.10,10,200,2294.0
100,50,2.10,1.00,0.10,15,200,2372.0
100,50,2.10,1.00,0.40,0,200,4752.0
100,50,2.10,1.00,0.40,5,200,2167.0
100,50,2.10,1.00,0.40,10,200,2148.0
100,50,2.10,1.00,0.40,15,200,2183.0
100,50,2.10,1.00,0.70,0,200,4752.0
100,50,2.10,1.00,0.70,5,200,2012.0
100,50,2.10,1.00,0.70,10,200,2031.0
100,50,2.10,1.00,0.70,15,200,2064.0
100,50,2.10,1.00,1.00,0,200,4752.0
100,50,2.10,1.00,1.00,5,200,4159.0
100,50,2.10,1.00,1.00,10,200,3840.0
100,50,2.10,1.00,1.00,15,200,3475.0
100,50,2.10,2.00,0.10,0,200,3460.0
100,50,2.10,2.00,0.10,5,200,2013.0
100,50,2.10,2.00,0.10,10,200,1956.0
100,50,2.10,2.00,0.10,15,200,1959.0
100,50,2.10,2.00,0.40,0,200,3460.0
100,50,2.10,2.00,0.40,5,200,1973.0
100,50,2.10,2.00,0.40,10,200,1915.0
100,50,2.10,2.00,0.40,15,200,1986.0
100,50,2.10,2.00,0.70,0,200,3460.0
100,50,2.10,2.00,0.70,5,200,1884.0
100,50,2.10,2.00,0.70,10,200,1984.0
100,50,2.10,2.00,0.70,15,200,1886.0
100,50,2.10,2.00,1.00,0,200,3460.0
100,50,2.10,2.00,1.00,5,200,2578.0
100,50,2.10,2.00,1.00,10,200,2218.0
100,50,2.10,2.00,1.00,15,200,2058.0
100,50,2.10,3.00,0.10,0,200,2515.0
100,50,2.10,3.00,0.10,5,200,1936.0
100,50,2.10,3.00,0.10,10,200,1918.0
100,50,2.10,3.00,0.10,15,200,1881.0
100,50,2.10,3.00,0.40,0,200,2751.0
100,50,2.10,3.00,0.40,5,200,1907.0
100,50,2.10,3.00,0.40,10,200,1944.0
100,50,2.10,3.00,0.40,15,200,1906.0
100,50,2.10,3.00,0.70,0,200,2751.0
100,50,2.10,3.00,0.70,5,200,1856.0
100,50,2.10,3.00,0.70,10,200,1852.0
100,50,2.10,3.00,0.70,15,200,1900.0
100,50,2.10,3.00,1.00,0,200,2751.0
100,50,2.10,3.00,1.00,5,200,2052.0
100,50,2.10,3.00,1.00,10,200,1963.0
100,50,2.10,3.00,1.00,15,200,1893.0
100,50,2.10,4.00,0.10,0,200,2258.0
100,50,2.10,4.00,0.10,5,200,1885.0
100,50,2.10,4.00,0.10,10,200,1862.0
100,50,2.10,4.00,0.10,15,200,1888.0
100,50,2.10,4.00,0.40,0,200,2320.0
100,50,2.10,4.00,0.40,5,200,1858.0
100,50,2.10,4.00,0.40,10,200,1876.0
100,50,2.10,4.00,0.40,15,200,1857.0
100,50,2.10,4.00,0.70,0,200,2320.0
100,50,2.10,4.00,0.70,5,200,1851.0
100,50,2.10,4.00,0.70,10,200,1882.0
100,50,2.10,4.00,0.70,15,200,1855.0
100,50,2.10,4.00,1.00,0,200,2320.0
100,50,2.10,4.00,1.00,5,200,1943.0
100,50,2.10,4.00,1.00,10,200,1889.0
100,50,2.10,4.00,1.00,15,200,1881.0
100,50,2.10,5.00,0.10,0,200,2135.0
100,50,2.10,5.00,0.10,5,200,1870.0
100,50,2.10,5.00,0.10,10,200,1865.0
100,50,2.10,5.00,0.10,15,200,1878.0
100,50,2.10,5.00,0.40,0,200,2135.0
100,50,2.10,5.00,0.40,5,200,1861.0
100,50,2.10,5.00,0.40,10,200,1895.0
100,50,2.10,5.00,0.40,15,200,1876.0
100,50,2.10,5.00,0.70,0,200,2135.0
100,50,2.10,5.00,0.70,5,200,1880.0
100,50,2.10,5.00,0.70,10,200,1875.0
100,50,2.10,5.00,0.70,15,200,1861.0
100,50,2.10,5.00,1.00,0,200,2135.0
100,50,2.10,5.00,1.00,5,200,1874.0
100,50,2.10,5.00,1.00,10,200,1868.0
100,50,2.10,5.00,1.00,15,200,1867.0
100,50,2.60,1.00,0.10,0,200,4661.0
100,50,2.60,1.00,0.10,5,200,2310.0
100,50,2.60,1.00,0.10,10,200,2357.0
100,50,2.60,1.00,0.10,15,200,2206.0
100,50,2.60,1.00,0.40,0,200,4752.0
100,50,2.60,1.00,0.40,5,200,2168.0
100,50,2.60,1.00,0.40,10,200,2311.0
100,50,2.60,1.00,0.40,15,200,2216.0
100,50,2.60,1.00,0.70,0,200,4752.0
100,50,2.60,1.00,0.70,5,200,2079.0
100,50,2.60,1.00,0.70,10,200,2025.0
100,50,2.60,1.00,0.70,15,200,2016.0
100,50,2.60,1.00,1.00,0,200,4752.0
100,50,2.60,1.00,1.00,5,200,4172.0
100,50,2.60,1.00,1.00,10,200,3570.0
100,50,2.60,1.00,1.00,15,200,2972.0
100,50,2.60,2.00,0.10,0,200,3340.0
100,50,2.60,2.00,0.10,5,200,1901.0
100,50,2.60,2.00,0.10,10,200,1993.0
100,50,2.60,2.00,0.10,15,200,2033.0
100,50,2.60,2.00,0.40,0,200,3460.0
100,50,2.60,2.00,0.40,5,200,1930.0
100,50,2.60,2.00,0.40,10,200,1969.0
100,50,2.60,2.00,0.40,15,200,1953.0
100,50,2.60,2.00,0.70,0,200,3460.0
100,50,2.60,2.00,0.70,5,200,1938.0
100,50,2.60,2.00,0.70,10,200,1937.0
100,50,2.60,2.00,0.70,15,200,1921.0
100,50,2.60,2.00,1.00,0,200,3460.0
100,50,2.60,2.00,1.00,5,200,2469.0
100,50,2.60,2.00,1.00,10,200,2033.0
100,50,2.60,2.00,1.00,15,200,1904.0
100,50,2.60,3.00,0.10,0,200,2751.0
100,50,2.60,3.00,0.10,5,200,1915.0
100,50,2.60,3.00,0.10,10,200,1929.0
100,50,2.60,3.00,0.10,15,200,1936.0
100,50,2.60,3.00,0.40,0,200,2751.0
100,50,2.60,3.00,0.40,5,200,1889.0
100,50,2.60,3.00,0.40,10,200,1889.0
100,50,2.60,3.00,0.40,15,200,1924.0
100,50,2.60,3.00,0.70,0,200,2751.0
100,50,2.60,3.00,0.70,5,200,1892.0
100,50,2.60,3.00,0.70,10,200,1881.0
100,50,2.60,3.00,0.70,15,200,1873.0
100,50,2.60,3.00,1.00,0,200,2751.0
100,50,2.60,3.00,1.00,5,200,2017.0
100,50,2.60,3.00,1.00,10,200,1896.0
100,50,2.60,3.00,1.00,15,200,1871.0
100,50,2.60,4.00,0.10,0,200,2344.0
100,50,2.60,4.00,0.10,5,200,1917.0
100,50,2.60,4.00,0.10,10,200,1897.0
100,50,2.60,4.00,0.10,15,200,1891.0
100,50,2.60,4.00,0.40,0,200,2320.0
100,50,2.60,4.00,0.40,5,200,1896.0
100,50,2.60,4.00,0.40,10,200,1859.0
100,50,2.60,4.00,0.40,15,200,1860.0
100,50,2.60,4.00,0.70,0,200,2320.0
100,50,2.60,4.00,0.70,5,200,1876.0
100,50,2.60,4.00,0.70,10,200,1868.0
100,50,2.60,4.00,0.70,15,200,1846.0
100,50,2.60,4.00,1.00,0,200,2320.0
100,50,2.60,4.00,1.00,5,200,1893.0
100,50,2.60,4.00,1.00,10,200,1856.0
100,50,2.60,4.00,1.00,15,200,1842.0
100,50,2.60,5.00,0.10,0,200,2135.0
100,50,2.60,5.00,0.10,5,200,1889.0
100,50,2.60,5.00,0.10,10,200,1893.0
100,50,2.60,5.00,0.10,15,200,1919.0
100,50,2.60,5.00,0.40,0,200,2135.0
100,50,2.60,5.00,0.40,5,200,1877.0
100,50,2.60,5.00,0.40,10,200,1879.0
100,50,2.60,5.00,0.40,15,200,1894.0
100,50,2.60,5.00,0.70,0,200,2135.0
100,50,2.60,5.00,0.70,5,200,1846.0
100,50,2.60,5.00,0.70,10,200,1889.0
100,50,2.60,5.00,0.70,15,200,1891.0
100,50,2.60,5.00,1.00,0,200,2135.0
100,50,2.60,5.00,1.00,5,200,1853.0
100,50,2.60,5.00,1.00,10,200,1847.0
100,50,2.60,5.00,1.00,15,200,1839.0
100,100,0.10,1.00,0.10,0,200,4751.0
100,100,0.10,1.00,0.10,5,200,4223.0
100,100,0.10,1.00,0.10,10,200,4201.0
100,100,0.10,1.00,0.10,15,200,4117.0
100,100,0.10,1.00,0.40,0,200,4751.0
100,100,0.10,1.00,0.40,5,200,4544.0
100,100,0.10,1.00,0.40,10,200,4523.0
100,100,0.10,1.00,0.40,15,200,4522.0
100,100,0.10,1.00,0.70,0,200,4751.0
100,100,0.10,1.00,0.70,5,200,4596.0
100,100,0.10,1.00,0.70,10,200,4590.0
100,100,0.10,1.00,0.70,15,200,4520.0
100,100,0.10,1.00,1.00,0,200,4751.0
100,100,0.10,1.00,1.00,5,200,4694.0
100,100,0.10,1.00,1.00,10,200,4718.0
100,100,0.10,1.00,1.00,15,200,4472.0
100,100,0.10,2.00,0.10,0,200,3458.0
100,100,0.10,2.00,0.10,5,200,2856.0
100,100,0.10,2.00,0.10,10,200,2725.0
100,100,0.10,2.00,0.10,15,200,2902.0
100,100,0.10,2.00,0.40,0,200,3458.0
100,100,0.10,2.00,0.40,5,200,3138.0
100,100,0.10,2.00,0.40,10,200,3081.0
100,100,0.10,2.00,0.40,15,200,3147.0
100,100,0.10,2.00,0.70,0,200,3458.0
100,100,0.10,2.00,0.70,5,200,3298.0
100,100,0.10,2.00,0.70,10,200,3280.0
100,100,0.10,2.00,0.70,15,200,3278.0
100,100,0.10,2.00,1.00,0,200,3458.0
100,100,0.10,2.00,1.00,5,200,3388.0
100,100,0.10,2.00,1.00,10,200,3420.0
100,100,0.10,2.00,1.00,15,200,3216.0
100,100,0.10,3.00,0.10,0,200,2686.0
100,100,0.10,3.00,0.10,5,200,2342.0
100,100,0.10,3.00,0.10,10,200,2359.0
100,100,0.10,3.00,0.10,15,200,2299.0
100,100,0.10,3.00,0.40,0,200,2686.0
100,100,0.10,3.00,0.40,5,200,2467.0
100,100,0.10,3.00,0.40,10,200,2447.0
100,100,0.10,3.00,0.40,15,200,2467.0
100,100,0.10,3.00,0.70,0,200,2686.0
100,100,0.10,3.00,0.70,5,200,2525.0
100,100,0.10,3.00,0.70,10,200,2536.0
100,100,0.10,3.00,0.70,15,200,2564.0
100,100,0.10,3.00,1.00,0,200,2686.0
100,100,0.10,3.00,1.00,5,200,2593.0
100,100,0.10,3.00,1.00,10,200,2600.0
100,100,0.10,3.00,1.00,15,200,2647.0
100,100,0.10,4.00,0.10,0,200,2258.0
100,100,0.10,4.00,0.10,5,200,2141.0
100,100,0.10,4.00,0.10,10,200,2148.0
100,100,0.10,4.00,0.10,15,200,2131.0
100,100,0.10,4.00,0.40,0,200,2258.0
100,100,0.10,4.00,0.40,5,200,2115.0
100,100,0.10,4.00,0.40,10,200,2088.0
100,100,0.10,4.00,0.40,15,200,2130.0
100,100,0.10,4.00,0.70,0,200,2258.0
100,100,0.10,4.00,0.70,5,200,2202.0
100,100,0.10,4.00,0.70,10,200,2239.0
100,100,0.10,4.00,0.70,15,200,2194.0
100,100,0.10,4.00,1.00,0,200,2258.0
100,100,0.10,4.00,1.00,5,200,2329.0
100,100,0.10,4.00,1.00,10,200,2276.0
100,100,0.10,4.00,1.00,15,200,2276.0
100,100,0.10,5.00,0.10,0,200,2135.0
100,100,0.10,5.00,0.10,5,200,2015.0
100,100,0.10,5.00,0.10,10,200,1975.0
100,100,0.10,5.00,0.10,15,200,2028.0
100,100,0.10,5.00,0.40,0,200,2135.0
100,100,0.10,5.00,0.40,5,200,2064.0
100,100,0.10,5.00,0.40,10,200,2074.0
100,100,0.10,5.00,0.40,15,200,2029.0
100,100,0.10,5.00,0.70,0,200,2135.0
100,100,0.10,5.00,0.70,5,200,2075.0
100,100,0.10,5.00,0.70,10,200,2081.0
100,100,0.10,5.00,0.70,15,200,2038.0
100,100,0.10,5.00,1.00,0,200,2135.0
100,100,0.10,5.00,1.00,5,200,2118.0
100,100,0.10,5.00,1.00,10,200,2118.0
100,100,0.10,5.00,1.00,15,200,2099.0
100,100,0.60,1.00,0.10,0,200,4751.0
100,100,0.60,1.00,0.10,5,200,2721.0
100,100,0.60,1.00,0.10,10,200,2737.0
100,100,0.60,1.00,0.10,15,200,2655.0
100,100,0.60,1.00,0.40,0,200,4751.0
100,100,0.60,1.00,0.40,5,200,2794.0
100,100,0.60,1.00,0.40,10,200,2772.0
100,100,0.60,1.00,0.40,15,200,2847.0
100,100,0.60,1.00,0.70,0,200,4751.0
100,100,0.60,1.00,0.70,5,200,2963.0
100,100,0.60,1.00,0.70,10,200,2972.0
100,100,0.60,1.00,0.70,15,200,2989.0
100,100,0.60,1.00,1.00,0,200,4751.0
100,100,0.60,1.00,1.00,5,200,4553.0
100,100,0.60,1.00,1.00,10,200,4468.0
100,100,0.60,1.00,1.00,15,200,4331.0
100,100,0.60,2.00,0.10,0,200,3458.0
100,100,0.60,2.00,0.10,5,200,2142.0
100,100,0.60,2.00,0.10,10,200,2129.0
100,100,0.60,2.00,0.10,15,200,2148.0
100,100,0.60,2.00,0.40,0,200,3458.0
100,100,0.60,2.00,0.40,5,200,2147.0
100,100,0.60,2.00,0.40,10,200,2196.0
100,100,0.60,2.00,0.40,15,200,2157.0
100,100,0.60,2.00,0.70,0,200,3458.0
100,100,0.60,2.00,0.70,5,200,2253.0
100,100,0.60,2.00,0.70,10,200,2105.0
100,100,0.60,2.00,0.70,15,200,2238.0
100,100,0.60,2.00,1.00,0,200,3458.0
100,100,0.60,2.00,1.00,5,200,3084.0
100,100,0.60,2.00,1.00,10,200,2986.0
100,100,0.60,2.00,1.00,15,200,2868.0
100,100,0.60,3.00,0.10,0,200,2686.0
100,100,0.60,3.00,0.10,5,200,1998.0
100,100,0.60,3.00,0.10,10,200,1934.0
100,100,0.60,3.00,0.10,15,200,1940.0
100,100,0.60,3.00,0.40,0,200,2686.0
100,100,0.60,3.00,0.40,5,200,2010.0
100,100,0.60,3.00,0.40,10,200,1974.0
100,100,0.60,3.00,0.40,15,200,1996.0
100,100,0.60,3.00,0.70,0,200,2686.0
100,100,0.60,3.00,0.70,5,200,2029.0
100,100,0.60,3.00,0.70,10,200,2017.0
100,100,0.60,3.00,0.70,15,200,2028.0
100,100,0.60,3.00,1.00,0,200,2686.0
100,100,0.60,3.00,1.00,5,200,2414.0
100,100,0.60,3.00,1.00,10,200,2351.0
100,100,0.60,3.00,1.00,15,200,2293.0
100,100,0.60,4.00,0.10,0,200,2258.0
100,100,0.60,4.00,0.10,5,200,1920.0
100,100,0.60,4.00,0.10,10,200,1929.0
100,100,0.60,4.00,0.10,15,200,1917.0
100,100,0.60,4.00,0.40,0,200,2258.0
100,100,0.60,4.00,0.40,5,200,1880.0
100,100,0.60,4.00,0.40,10,200,1948.0
100,100,0.60,4.00,0.40,15,200,1954.0
100,100,0.60,4.00,0.70,0,200,2258.0
100,100,0.60,4.00,0.70,5,200,1959.0
100,100,0.60,4.00,0.70,10,200,1940.0
100,100,0.60,4.00,0.70,15,200,1936.0
100,100,0.60,4.00,1.00,0,200,2258.0
100,100,0.60,4.00,1.00,5,200,2122.0
100,100,0.60,4.00,1.00,10,200,2127.0
100,100,0.60,4.00,1.00,15,200,2099.0
100,100,0.60,5.00,0.10,0,200,2135.0
100,100,0.60,5.00,0.10,5,200,1869.0
100,100,0.60,5.00,0.10,10,200,1892.0
100,100,0.60,5.00,0.10,15,200,1883.0
100,100,0.60,5.00,0.40,0,200,2135.0
100,100,0.60,5.00,0.40,5,200,1886.0
100,100,0.60,5.00,0.40,10,200,1865.0
100,100,0.60,5.00,0.40,15,200,1869.0
100,100,0.60,5.00,0.70,0,200,2135.0
100,100,0.60,5.00,0.70,5,200,1913.0
100,100,0.60,5.00,0.70,10,200,1890.0
100,100,0.60,5.00,0.70,15,200,1892.0
100,100,0.60,5.00,1.00,0,200,2135.0
100,100,0.60,5.00,1.00,5,200,2001.0
100,100,0.60,5.00,1.00,10,200,1994.0
100,100,0.60,5.00,1.00,15,200,1982.0
100,100,1.10,1.00,0.10,0,200,4751.0
100,100,1.10,1.00,0.10,5,200,1906.0
100,100,1.10,1.00,0.10,10,200,1909.0
100,100,1.10,1.00,0.10,15,200,1874.0
100,100,1.10,1.00,0.40,0,200,4751.0
100,100,1.10,1.00,0.40,5,200,1926.0
100,100,1.10,1.00,0.40,10,200,1868.0
100,100,1.10,1.00,0.40,15,200,1925.0
100,100,1.10,1.00,0.70,0,200,4751.0
100,100,1.10,1.00,0.70,5,200,1870.0
100,100,1.10,1.00,0.70,10,200,1862.0
100,100,1.10,1.00,0.70,15,200,1926.0
100,100,1.10,1.00,1.00,0,200,4751.0
100,100,1.10,1.00,1.00,5,200,4383.0
100,100,1.10,1.00,1.00,10,200,4049.0
100,100,1.10,1.00,1.00,15,200,3904.0
100,100,1.10,2.00,0.10,0,200,3458.0
100,100,1.10,2.00,0.10,5,200,1870.0
100,100,1.10,2.00,0.10,10,200,1876.0
100,100,1.10,2.00,0.10,15,200,1884.0
100,100,1.10,2.00,0.40,0,200,3458.0
100,100,1.10,2.00,0.40,5,200,1845.0
100,100,1.10,2.00,0.40,10,200,1870.0
100,100,1.10,2.00,0.40,15,200,1868.0
100,100,1.10,2.00,0.70,0,200,3458.0
100,100,1.10,2.00,0.70,5,200,1836.0
100,100,1.10,2.00,0.70,10,200,1847.0
100,100,1.10,2.00,0.70,15,200,1822.0
100,100,1.10,2.00,1.00,0,200,3458.0
100,100,1.10,2.00,1.00,5,200,2898.0
100,100,1.10,2.00,1.00,10,200,2502.0
100,100,1.10,2.00,1.00,15,200,2334.0
100,100,1.10,3.00,0.10,0,200,2686.0
100,100,1.10,3.00,0.10,5,200,1881.0
100,100,1.10,3.00,0.10,10,200,1888.0
100,100,1.10,3.00,0.10,15,200,1874.0
100,100,1.10,3.00,0.40,0,200,2686.0
100,100,1.10,3.00,0.40,5,200,1853.0
100,100,1.10,3.00,0.40,10,200,1850.0
100,100,1.10,3.00,0.40,15,200,1879.0
100,100,1.10,3.00,0.70,0,200,2686.0
100,100,1.10,3.00,0.70,5,200,1851.0
100,100,1.10,3.00,0.70,10,200,1849.0
100,100,1.10,3.00,0.70,15,200,1848.0
100,100,1.10,3.00,1.00,0,200,2686.0
100,100,1.10,3.00,1.00,5,200,2204.0
100,100,1.10,3.00,1.00,10,200,2056.0
100,100,1.10,3.00,1.00,15,200,2022.0
100,100,1.10,4.00,0.10,0,200,2258.0
100,100,1.10,4.00,0.10,5,200,1890.0
100,100,1.10,4.00,0.10,10,200,1892.0
100,100,1.10,4.00,0.10,15,200,1872.0
100,100,1.10,4.00,0.40,0,200,2258.0
100,100,1.10,4.00,0.40,5,200,1863.0
100,100,1.10,4.00,0.40,10,200,1869.0
100,100,1.10,4.00,0.40,15,200,1881.0
100,100,1.10,4.00,0.70,0,200,2258.0
100,100,1.10,4.00,0.70,5,200,1867.0
100,100,1.10,4.00,0.70,10,200,1868.0
100,100,1.10,4.00,0.70,15,200,1872.0
100,100,1.10,4.00,1.00,0,200,2258.0
100,100,1.10,4.00,1.00,5,200,2031.0
100,100,1.10,4.00,1.00,10,200,1931.0
100,100,1.10,4.00,1.00,15,200,1938.0
100,100,1.10,5.00,0.10,0,200,2135.0
100,100,1.10,5.00,0.10,5,200,1868.0
100,100,1.10,5.00,0.10,10,200,1877.0
100,100,1.10,5.00,0.10,15,200,1891.0
100,100,1.10,5.00,0.40,0,200,2135.0
100,100,1.10,5.00,0.40,5,200,1861.0
100,100,1.10,5.00,0.40,10,200,1872.0
100,100,1.10,5.00,0.40,15,200,1871.0
100,100,1.10,5.00,0.70,0,200,2135.0
100,100,1.10,5.00,0.70,5,200,1864.0
100,100,1.10,5.00,0.70,10,200,1853.0
100,100,1.10,5.00,0.70,15,200,1856.0
100,100,1.10,5.00,1.00,0,200,2135.0
100,100,1.10,5.00,1.00,5,200,1947.0
100,100,1.10,5.00,1.00,10,200,1920.0
100,100,1.10,5.00,1.00,15,200,1896.0
100,100,1.60,1.00,0.10,0,200,4751.0
100,100,1.60,1.00,0.10,5,200,1990.0
100,100,1.60,1.00,0.10,10,200,2006.0
100,100,1.60,1.00,0.10,15,200,2011.0
100,100,1.60,1.00,0.40,0,200,4751.0
100,100,1.60,1.00,0.40,5,200,2074.0
100,100,1.60,1.00,0.40,10,200,1990.0
100,100,1.60,1.00,0.40,15,200,1941.0
100,100,1.60,1.00,0.70,0,200,4751.0
100,100,1.60,1.00,0.70,5,200,1892.0
100,100,1.60,1.00,0.70,10,200,1862.0
100,100,1.60,1.00,0.70,15,200,1917.0
100,100,1.60,1.00,1.00,0,200,4751.0
100,100,1.60,1.00,1.00,5,200,3971.0
100,100,1.60,1.00,1.00,10,200,3628.0
100,100,1.60,1.00,1.00,15,200,3155.0
100,100,1.60,2.00,0.10,0,200,3458.0
100,100,1.60,2.00,0.10,5,200,1919.0
100,100,1.60,2.00,0.10,10,200,1913.0
100,100,1.60,2.00,0.10,15,200,1880.0
100,100,1.60,2.00,0.40,0,200,3458.0
100,100,1.60,2.00,0.40,5,200,1891.0
100,100,1.60,2.00,0.40,10,200,1895.0
100,100,1.60,2.00,0.40,15,200,1859.0
100,100,1.60,2.00,0.70,0,200,3458.0
100,100,1.60,2.00,0.70,5,200,1882.0
100,100,1.60,2.00,0.70,10,200,1875.0
100,100,1.60,2.00,0.70,15,200,1820.0
100,100,1.60,2.00,1.00,0,200,3458.0
100,100,1.60,2.00,1.00,5,200,2388.0
100,100,1.60,2.00,1.00,10,200,2200.0
100,100,1.60,2.00,1.00,15,200,2055.0
100,100,1.60,3.00,0.10,0,200,2537.0
100,100,1.60,3.00,0.10,5,200,1892.0
100,100,1.60,3.00,0.10,10,200,1907.0
100,100,1.60,3.00,0.10,15,200,1903.0
100,100,1.60,3.00,0.40,0,200,2686.0
100,100,1.60,3.00,0.40,5,200,1853.0
100,100,1.60,3.00,0.40,10,200,1873.0
100,100,1.60,3.00,0.40,15,200,1858.0
100,100,1.60,3.00,0.70,0,200,2686.0
100,100,1.60,3.00,0.70,5,200,1871.0
100,100,1.60,3.00,0.70,10,200,1840.0
100,100,1.60,3.00,0.70,15,200,1825.0
100,100,1.60,3.00,1.00,0,200,2686.0
100,100,1.60,3.00,1.00,5,200,2051.0
100,100,1.60,3.00,1.00,10,200,1920.0
100,100,1.60,3.00,1.00,15,200,1886.0
100,100,1.60,4.00,0.10,0,200,2254.0
100,100,1.60,4.00,0.10,5,200,1863.0
100,100,1.60,4.00,0.10,10,200,1867.0
100,100,1.60,4.00,0.10,15,200,1858.0
100,100,1.60,4.00,0.40,0,200,2258.0
100,100,1.60,4.00,0.40,5,200,1863.0
100,100,1.60,4.00,0.40,10,200,1843.0
100,100,1.60,4.00,0.40,15,200,1875.0
100,100,1.60,4.00,0.70,0,200,2258.0
100,100,1.60,4.00,0.70,5,200,1864.0
100,100,1.60,4.00,0.70,10,200,1853.0
100,100,1.60,4.00,0.70,15,200,1862.0
100,100,1.60,4.00,1.00,0,200,2258.0
100,100,1.60,4.00,1.00,5,200,1940.0
100,100,1.60,4.00,1.00,10,200,1867.0
100,100,1.60,4.00,1.00,15,200,1861.0
100,100,1.60,5.00,0.10,0,200,2135.0
100,100,1.60,5.00,0.10,5,200,1884.0
100,100,1.60,5.00,0.10,10,200,1901.0
100,100,1.60,5.00,0.10,15,200,1846.0
100,100,1.60,5.00,0.40,0,200,2135.0
100,100,1.60,5.00,0.40,5,200,1892.0
100,100,1.60,5.00,0.40,10,200,1866.0
100,100,1.60,5.00,0.40,15,200,1864.0
100,100,1.60,5.00,0.70,0,200,2135.0
100,100,1.60,5.00,0.70,5,200,1860.0
100,100,1.60,5.00,0.70,10,200,1883.0
100,100,1.60,5.00,0.70,15,200,1878.0
100,100,1.60,5.00,1.00,0,200,2135.0
100,100,1.60,5.00,1.00,5,200,1892.0
100,100,1.60,5.00,1.00,10,200,1854.0
100,100,1.60,5.00,1.00,15,200,1871.0
100,100,2.10,1.00,0.10,0,200,4751.0
100,100,2.10,1.00,0.10,5,200,2107.0
100,100,2.10,1.00,0.10,10,200,2167.0
100,100,2.10,1.00,0.10,15,200,2091.0
100,100,2.10,1.00,0.40,0,200,4751.0
100,100,2.10,1.00,0.40,5,200,2019.0
100,100,2.10,1.00,0.40,10,200,2041.0
100,100,2.10,1.00,0.40,15,200,2100.0
100,100,2.10,1.00,0.70,0,200,4751.0
100,100,2.10,1.00,0.70,5,200,1927.0
100,100,2.10,1.00,0.70,10,200,1959.0
100,100,2.10,1.00,0.70,15,200,1964.0
100,100,2.10,1.00,1.00,0,200,4751.0
100,100,2.10,1.00,1.00,5,200,3714.0
100,100,2.10,1.00,1.00,10,200,3018.0
100,100,2.10,1.00,1.00,15,200,2512.0
100,100,2.10,2.00,0.10,0,200,3458.0
100,100,2.10,2.00,0.10,5,200,1977.0
100,100,2.10,2.00,0.10,10,200,1958.0
100,100,2.10,2.00,0.10,15,200,1907.0
100,100,2.10,2.00,0.40,0,200,3458.0
100,100,2.10,2.00,0.40,5,200,1889.0
100,100,2.10,2.00,0.40,10,200,1974.0
100,100,2.10,2.00,0.40,15,200,1917.0
100,100,2.10,2.00,0.70,0,200,3458.0
100,100,2.10,2.00,0.70,5,200,1848.0
100,100,2.10,2.00,0.70,10,200,1882.0
100,100,2.10,2.00,0.70,15,200,1885.0
100,100,2.10,2.00,1.00,0,200,3458.0
100,100,2.10,2.00,1.00,5,200,2257.0
100,100,2.10,2.00,1.00,10,200,1965.0
100,100,2.10,2.00,1.00,15,200,1854.0
100,100,2.10,3.00,0.10,0,200,2377.0
100,100,2.10,3.00,0.10,5,200,1873.0
100,100,2.10,3.00,0.10,10,200,1871.0
100,100,2.10,3.00,0.10,15,200,1901.0
100,100,2.10,3.00,0.40,0,200,2686.0
100,100,2.10,3.00,0.40,5,200,1891.0
100,100,2.10,3.00,0.40,10,200,1867.0
100,100,2.10,3.00,0.40,15,200,1849.0
100,100,2.10,3.00,0.70,0,200,2686.0
100,100,2.10,3.00,0.70,5,200,1863.0
100,100,2.10,3.00,0.70,10,200,1853.0
100,100,2.10,3.00,0.70,15,200,1896.0
100,100,2.10,3.00,1.00,0,200,2686.0
100,100,2.10,3.00,1.00,5,200,1910.0
100,100,2.10,3.00,1.00,10,200,1881.0
100,100,2.10,3.00,1.00,15,200,1854.0
100,100,2.10,4.00,0.10,0,200,2299.0
100,100,2.10,4.00,0.10,5,200,1880.0
100,100,2.10,4.00,0.10,10,200,1888.0
100,100,2.10,4.00,0.10,15,200,1843.0
100,100,2.10,4.00,0.40,0,200,2258.0
100,100,2.10,4.00,0.40,5,200,1875.0
100,100,2.10,4.00,0.40,10,200,1874.0
100,100,2.10,4.00,0.40,15,200,1878.0
100,100,2.10,4.00,0.70,0,200,2258.0
100,100,2.10,4.00,0.70,5,200,1850.0
100,100,2.10,4.00,0.70,10,200,1867.0
100,100,2.10,4.00,0.70,15,200,1870.0
100,100,2.10,4.00,1.00,0,200,2258.0
100,100,2.10,4.00,1.00,5,200,1883.0
100,100,2.10,4.00,1.00,10,200,1850.0
100,100,2.10,4.00,1.00,15,200,1842.0
100,100,2.10,5.00,0.10,0,200,2135.0
100,100,2.10,5.00,0.10,5,200,1888.0
100,100,2.10,5.00,0.10,10,200,1880.0
100,100,2.10,5.00,0.10,15,200,1901.0
100,100,2.10,5.00,0.40,0,200,2135.0
100,100,2.10,5.00,0.40,5,200,1832.0
100,100,2.10,5.00,0.40,10,200,1858.0
100,100,2.10,5.00,0.40,15,200,1858.0
100,100,2.10,5.00,0.70,0,200,2135.0
100,100,2.10,5.00,0.70,5,200,1864.0
100,100,2.10,5.00,0.70,10,200,1874.0
100,100,2.10,5.00,0.70,15,200,1866.0
100,100,2.10,5.00,1.00,0,200,2135.0
100,100,2.10,5.00,1.00,5,200,1850.0
100,100,2.10,5.00,1.00,10,200,1842.0
100,100,2.10,5.00,1.00,15,200,1868.0
100,100,2.60,1.00,0.10,0,200,4606.0
100,100,2.60,1.00,0.10,5,200,2026.0
100,100,2.60,1.00,0.10,10,200,2190.0
100,100,2.60,1.00,0.10,15,200,2198.0
100,100,2.60,1.00,0.40,0,200,4751.0
100,100,2.60,1.00,0.40,5,200,2003.0
100,100,2.60,1.00,0.40,10,200,2107.0
100,100,2.60,1.00,0.40,15,200,2031.0
100,100,2.60,1.00,0.70,0,200,4751.0
100,100,2.60,1.00,0.70,5,200,2010.0
100,100,2.60,1.00,0.70,10,200,1992.0
100,100,2.60,1.00,0.70,15,200,1957.0
100,100,2.60,1.00,1.00,0,200,4751.0
100,100,2.60,1.00,1.00,5,200,3503.0
100,100,2.60,1.00,1.00,10,200,2503.0
100,100,2.60,1.00,1.00,15,200,2073.0
100,100,2.60,2.00,0.10,0,200,3440.0
100,100,2.60,2.00,0.10,5,200,1942.0
100,100,2.60,2.00,0.10,10,200,1943.0
100,100,2.60,2.00,0.10,15,200,1936.0
100,100,2.60,2.00,0.40,0,200,3458.0
100,100,2.60,2.00,0.40,5,200,1946.0
100,100,2.60,2.00,0.40,10,200,1881.0
100,100,2.60,2.00,0.40,15,200,1942.0
100,100,2.60,2.00,0.70,0,200,3458.0
100,100,2.60,2.00,0.70,5,200,1861.0
100,100,2.60,2.00,0.70,10,200,1878.0
100,100,2.60,2.00,0.70,15,200,1854.0
100,100,2.60,2.00,1.00,0,200,3458.0
100,100,2.60,2.00,1.00,5,200,2032.0
100,100,2.60,2.00,1.00,10,200,1859.0
100,100,2.60,2.00,1.00,15,200,1836.0
100,100,2.60,3.00,0.10,0,200,2751.0
100,100,2.60,3.00,0.10,5,200,1888.0
100,100,2.60,3.00,0.10,10,200,1912.0
100,100,2.60,3.00,0.10,15,200,1855.0
100,100,2.60,3.00,0.40,0,200,2686.0
100,100,2.60,3.00,0.40,5,200,1913.0
100,100,2.60,3.00,0.40,10,200,1877.0
100,100,2.60,3.00,0.40,15,200,1888.0
100,100,2.60,3.00,0.70,0,200,2686.0
100,100,2.60,3.00,0.70,5,200,1843.0
100,100,2.60,3.00,0.70,10,200,1873.0
100,100,2.60,3.00,0.70,15,200,1862.0
100,100,2.60,3.00,1.00,0,200,2686.0
100,100,2.60,3.00,1.00,5,200,1873.0
100,100,2.60,3.00,1.00,10,200,1854.0
100,100,2.60,3.00,1.00,15,200,1857.0
100,100,2.60,4.00,0.10,0,200,2315.0
100,100,2.60,4.00,0.10,5,200,1871.0
100,100,2.60,4.00,0.10,10,200,1870.0
100,100,2.60,4.00,0.10,15,200,1878.0
100,100,2.60,4.00,0.40,0,200,2258.0
100,100,2.60,4.00,0.40,5,200,1879.0
100,100,2.60,4.00,0.40,10,200,1866.0
100,100,2.60,4.00,0.40,15,200,1877.0
100,100,2.60,4.00,0.70,0,200,2258.0
100,100,2.60,4.00,0.70,5,200,1869.0
100,100,2.60,4.00,0.70,10,200,1853.0
100,100,2.60,4.00,0.70,15,200,1848.0
100,100,2.60,4.00,1.00,0,200,2258.0
100,100,2.60,4.00,1.00,5,200,1854.0
100,100,2.60,4.00,1.00,10,200,1849.0
100,100,2.60,4.00,1.00,15,200,1850.0
100,100,2.60,5.00,0.10,0,200,2135.0
100,100,2.60,5.00,0.10,5,200,1858.0
100,100,2.60,5.00,0.10,10,200,1867.0
100,100,2.60,5.00,0.10,15,200,1842.0
100,100,2.60,5.00,0.40,0,200,2135.0
100,100,2.60,5.00,0.40,5,200,1866.0
100,100,2.60,5.00,0.40,10,200,1871.0
100,100,2.60,5.00,0.40,15,200,1854.0
100,100,2.60,5.00,0.70,0,200,2135.0
100,100,2.60,5.00,0.70,5,200,1834.0
100,100,2.60,5.00,0.70,10,200,1848.0
100,100,2.60,5.00,0.70,15,200,1844.0
100,100,2.60,5.00,1.00,0,200,2135.0
100,100,2.60,5.00,1.00,5,200,1835.0
100,100,2.60,5.00,1.00,10,200,1858.0
100,100,2.60,5.00,1.00,15,200,1851.0
100,150,0.10,1.00,0.10,0,200,4642.0
100,150,0.10,1.00,0.10,5,200,4250.0
100,150,0.10,1.00,0.10,10,200,4382.0
100,150,0.10,1.00,0.10,15,200,4364.0
100,150,0.10,1.00,0.40,0,200,4642.0
100,150,0.10,1.00,0.40,5,200,4528.0
100,150,0.10,1.00,0.40,10,200,4581.0
100,150,0.10,1.00,0.40,15,200,4664.0
100,150,0.10,1.00,0.70,0,200,4642.0
100,150,0.10,1.00,0.70,5,200,4502.0
100,150,0.10,1.00,0.70,10,200,4449.0
100,150,0.10,1.00,0.70,15,200,4501.0
100,150,0.10,1.00,1.00,0,200,4642.0
100,150,0.10,1.00,1.00,5,200,4681.0
100,150,0.10,1.00,1.00,10,200,4595.0
100,150,0.10,1.00,1.00,15,200,4590.0
100,150,0.10,2.00,0.10,0,200,3458.0
100,150,0.10,2.00,0.10,5,200,3004.0
100,150,0.10,2.00,0.10,10,200,2874.0
100,150,0.10,2.00,0.10,15,200,3005.0
100,150,0.10,2.00,0.40,0,200,3458.0
100,150,0.10,2.00,0.40,5,200,3150.0
100,150,0.10,2.00,0.40,10,200,3048.0
100,150,0.10,2.00,0.40,15,200,3141.0
100,150,0.10,2.00,0.70,0,200,3458.0
100,150,0.10,2.00,0.70,5,200,3250.0
100,150,0.10,2.00,0.70,10,200,3192.0
100,150,0.10,2.00,0.70,15,200,3223.0
100,150,0.10,2.00,1.00,0,200,3458.0
100,150,0.10,2.00,1.00,5,200,3344.0
100,150,0.10,2.00,1.00,10,200,3388.0
100,150,0.10,2.00,1.00,15,200,3319.0
100,150,0.10,3.00,0.10,0,200,2686.0
100,150,0.10,3.00,0.10,5,200,2411.0
100,150,0.10,3.00,0.10,10,200,2374.0
100,150,0.10,3.00,0.10,15,200,2398.0
100,150,0.10,3.00,0.40,0,200,2686.0
100,150,0.10,3.00,0.40,5,200,2439.0
100,150,0.10,3.00,0.40,10,200,2425.0
100,150,0.10,3.00,0.40,15,200,2515.0
100,150,0.10,3.00,0.70,0,200,2686.0
100,150,0.10,3.00,0.70,5,200,2512.0
100,150,0.10,3.00,0.70,10,200,2544.0
100,150,0.10,3.00,0.70,15,200,2579.0
100,150,0.10,3.00,1.00,0,200,2686.0
100,150,0.10,3.00,1.00,5,200,2593.0
100,150,0.10,3.00,1.00,10,200,2669.0
100,150,0.10,3.00,1.00,15,200,2642.0
100,150,0.10,4.00,0.10,0,200,2320.0
100,150,0.10,4.00,0.10,5,200,2154.0
100,150,0.10,4.00,0.10,10,200,2148.0
100,150,0.10,4.00,0.10,15,200,2159.0
100,150,0.10,4.00,0.40,0,200,2320.0
100,150,0.10,4.00,0.40,5,200,2180.0
100,150,0.10,4.00,0.40,10,200,2201.0
100,150,0.10,4.00,0.40,15,200,2190.0
100,150,0.10,4.00,0.70,0,200,2320.0
100,150,0.10,4.00,0.70,5,200,2244.0
100,150,0.10,4.00,0.70,10,200,2177.0
100,150,0.10,4.00,0.70,15,200,2247.0
100,150,0.10,4.00,1.00,0,200,2320.0
100,150,0.10,4.00,1.00,5,200,2334.0
100,150,0.10,4.00,1.00,10,200,2276.0
100,150,0.10,4.00,1.00,15,200,2276.0
100,150,0.10,5.00,0.10,0,200,2120.0
100,150,0.10,5.00,0.10,5,200,2025.0
100,150,0.10,5.00,0.10,10,200,2045.0
100,150,0.10,5.00,0.10,15,200,2058.0
100,150,0.10,5.00,0.40,0,200,2120.0
100,150,0.10,5.00,0.40,5,200,2030.0
100,150,0.10,5.00,0.40,10,200,2081.0
100,150,0.10,5.00,0.40,15,200,2066.0
100,150,0.10,5.00,0.70,0,200,2120.0
100,150,0.10,5.00,0.70,5,200,2062.0
100,150,0.10,5.00,0.70,10,200,2062.0
100,150,0.10,5.00,0.70,15,200,2063.0
100,150,0.10,5.00,1.00,0,200,2120.0
100,150,0.10,5.00,1.00,5,200,2091.0
100,150,0.10,5.00,1.00,10,200,2091.0
100,150,0.10,5.00,1.00,15,200,2105.0
100,150,0.60,1.00,0.10,0,200,4642.0
100,150,0.60,1.00,0.10,5,200,2694.0
100,150,0.60,1.00,0.10,10,200,2727.0
100,150,0.60,1.00,0.10,15,200,2765.0
100,150,0.60,1.00,0.40,0,200,4642.0
100,150,0.60,1.00,0.40,5,200,2857.0
100,150,0.60,1.00,0.40,10,200,2800.0
100,150,0.60,1.00,0.40,15,200,2801.0
100,150,0.60,1.00,0.70,0,200,4642.0
100,150,0.60,1.00,0.70,5,200,3081.0
100,150,0.60,1.00,0.70,10,200,3100.0
100,150,0.60,1.00,0.70,15,200,3092.0
100,150,0.60,1.00,1.00,0,200,4642.0
100,150,0.60,1.00,1.00,5,200,4475.0
100,150,0.60,1.00,1.00,10,200,4287.0
100,150,0.60,1.00,1.00,15,200,4246.0
100,150,0.60,2.00,0.10,0,200,3458.0
100,150,0.60,2.00,0.10,5,200,2146.0
100,150,0.60,2.00,0.10,10,200,2132.0
100,150,0.60,2.00,0.10,15,200,2154.0
100,150,0.60,2.00,0.40,0,200,3458.0
100,150,0.60,2.00,0.40,5,200,2189.0
100,150,0.60,2.00,0.40,10,200,2185.0
100,150,0.60,2.00,0.40,15,200,2160.0
100,150,0.60,2.00,0.70,0,200,3458.0
100,150,0.60,2.00,0.70,5,200,2273.0
100,150,0.60,2.00,0.70,10,200,2237.0
100,150,0.60,2.00,0.70,15,200,2206.0
100,150,0.60,2.00,1.00,0,200,3458.0
100,150,0.60,2.00,1.00,5,200,2943.0
100,150,0.60,2.00,1.00,10,200,2929.0
100,150,0.60,2.00,1.00,15,200,2747.0
100,150,0.60,3.00,0.10,0,200,2686.0
100,150,0.60,3.00,0.10,5,200,1988.0
100,150,0.60,3.00,0.10,10,200,1941.0
100,150,0.60,3.00,0.10,15,200,1983.0
100,150,0.60,3.00,0.40,0,200,2686.0
100,150,0.60,3.00,0.40,5,200,1996.0
100,150,0.60,3.00,0.40,10,200,2011.0
100,150,0.60,3.00,0.40,15,200,2013.0
100,150,0.60,3.00,0.70,0,200,2686.0
100,150,0.60,3.00,0.70,5,200,2012.0
100,150,0.60,3.00,0.70,10,200,2005.0
100,150,0.60,3.00,0.70,15,200,1978.0
100,150,0.60,3.00,1.00,0,200,2686.0
100,150,0.60,3.00,1.00,5,200,2335.0
100,150,0.60,3.00,1.00,10,200,2337.0
100,150,0.60,3.00,1.00,15,200,2241.0
100,150,0.60,4.00,0.10,0,200,2320.0
100,150,0.60,4.00,0.10,5,200,1916.0
100,150,0.60,4.00,0.10,10,200,1925.0
100,150,0.60,4.00,0.10,15,200,1905.0
100,150,0.60,4.00,0.40,0,200,2320.0
100,150,0.60,4.00,0.40,5,200,1937.0
100,150,0.60,4.00,0.40,10,200,1932.0
100,150,0.60,4.00,0.40,15,200,1922.0
100,150,0.60,4.00,0.70,0,200,2320.0
100,150,0.60,4.00,0.70,5,200,1897.0
100,150,0.60,4.00,0.70,10,200,1918.0
100,150,0.60,4.00,0.70,15,200,1937.0
100,150,0.60,4.00,1.00,0,200,2320.0
100,150,0.60,4.00,1.00,5,200,2102.0
100,150,0.60,4.00,1.00,10,200,2087.0
100,150,0.60,4.00,1.00,15,200,2067.0
100,150,0.60,5.00,0.10,0,200,2120.0
100,150,0.60,5.00,0.10,5,200,1892.0
100,150,0.60,5.00,0.10,10,200,1897.0
100,150,0.60,5.00,0.10,15,200,1837.0
100,150,0.60,5.00,0.40,0,200,2120.0
100,150,0.60,5.00,0.40,5,200,1875.0
100,150,0.60,5.00,0.40,10,200,1895.0
100,150,0.60,5.00,0.40,15,200,1892.0
100,150,0.60,5.00,0.70,0,200,2120.0
100,150,0.60,5.00,0.70,5,200,1876.0
100,150,0.60,5.00,0.70,10,200,1891.0
100,150,0.60,5.00,0.70,15,200,1871.0
100,150,0.60,5.00,1.00,0,200,2120.0
100,150,0.60,5.00,1.00,5,200,2012.0
100,150,0.60,5.00,1.00,10,200,1960.0
100,150,0.60,5.00,1.00,15,200,1973.0
100,150,1.10,1.00,0.10,0,200,4642.0
100,150,1.10,1.00,0.10,5,200,1879.0
100,150,1.10,1.00,0.10,10,200,1929.0
100,150,1.10,1.00,0.10,15,200,1872.0
100,150,1.10,1.00,0.40,0,200,4642.0
100,150,1.10,1.00,0.40,5,200,1859.0
100,150,1.10,1.00,0.40,10,200,1875.0
100,150,1.10,1.00,0.40,15,200,1866.0
100,150,1.10,1.00,0.70,0,200,4642.0
100,150,1.10,1.00,0.70,5,200,1855.0
100,150,1.10,1.00,0.70,10,200,1895.0
100,150,1.10,1.00,0.70,15,200,1863.0
100,150,1.10,1.00,1.00,0,200,4642.0
100,150,1.10,1.00,1.00,5,200,4158.0
100,150,1.10,1.00,1.00,10,200,3825.0
100,150,1.10,1.00,1.00,15,200,3468.0
100,150,1.10,2.00,0.10,0,200,3458.0
100,150,1.10,2.00,0.10,5,200,1848.0
100,150,1.10,2.00,0.10,10,200,1832.0
100,150,1.10,2.00,0.10,15,200,1870.0
100,150,1.10,2.00,0.40,0,200,3458.0
100,150,1.10,2.00,0.40,5,200,1845.0
100,150,1.10,2.00,0.40,10,200,1856.0
100,150,1.10,2.00,0.40,15,200,1866.0
100,150,1.10,2.00,0.70,0,200,3458.0
100,150,1.10,2.00,0.70,5,200,1850.0
100,150,1.10,2.00,0.70,10,200,1840.0
100,150,1.10,2.00,0.70,15,200,1841.0
100,150,1.10,2.00,1.00,0,200,3458.0
100,150,1.10,2.00,1.00,5,200,2588.0
100,150,1.10,2.00,1.00,10,200,2376.0
100,150,1.10,2.00,1.00,15,200,2276.0
100,150,1.10,3.00,0.10,0,200,2686.0
100,150,1.10,3.00,0.10,5,200,1828.0
100,150,1.10,3.00,0.10,10,200,1851.0
100,150,1.10,3.00,0.10,15,200,1855.0
100,150,1.10,3.00,0.40,0,200,2686.0
100,150,1.10,3.00,0.40,5,200,1889.0
100,150,1.10,3.00,0.40,10,200,1870.0
100,150,1.10,3.00,0.40,15,200,1885.0
100,150,1.10,3.00,0.70,0,200,2686.0
100,150,1.10,3.00,0.70,5,200,1846.0
100,150,1.10,3.00,0.70,10,200,1869.0
100,150,1.10,3.00,0.70,15,200,1862.0
100,150,1.10,3.00,1.00,0,200,2686.0
100,150,1.10,3.00,1.00,5,200,2098.0
100,150,1.10,3.00,1.00,10,200,2052.0
100,150,1.10,3.00,1.00,15,200,1990.0
100,150,1.10,4.00,0.10,0,200,2320.0
100,150,1.10,4.00,0.10,5,200,1875.0
100,150,1.10,4.00,0.10,10,200,1845.0
100,150,1.10,4.00,0.10,15,200,1878.0
100,150,1.10,4.00,0.40,0,200,2320.0
100,150,1.10,4.00,0.40,5,200,1863.0
100,150,1.10,4.00,0.40,10,200,1860.0
100,150,1.10,4.00,0.40,15,200,1859.0
100,150,1.10,4.00,0.70,0,200,2320.0
100,150,1.10,4.00,0.70,5,200,1858.0
100,150,1.10,4.00,0.70,10,200,1859.0
100,150,1.10,4.00,0.70,15,200,1871.0
100,150,1.10,4.00,1.00,0,200,2320.0
100,150,1.10,4.00,1.00,5,200,1981.0
100,150,1.10,4.00,1.00,10,200,1937.0
100,150,1.10,4.00,1.00,15,200,1908.0
100,150,1.10,5.00,0.10,0,200,2120.0
100,150,1.10,5.00,0.10,5,200,1876.0
100,150,1.10,5.00,0.10,10,200,1857.0
100,150,1.10,5.00,0.10,15,200,1850.0
100,150,1.10,5.00,0.40,0,200,2120.0
100,150,1.10,5.00,0.40,5,200,1844.0
100,150,1.10,5.00,0.40,10,200,1858.0
100,150,1.10,5.00,0.40,15,200,1862.0
100,150,1.10,5.00,0.70,0,200,2120.0
100,150,1.10,5.00,0.70,5,200,1857.0
100,150,1.10,5.00,0.70,10,200,1861.0
100,150,1.10,5.00,0.70,15,200,1852.0
100,150,1.10,5.00,1.00,0,200,2120.0
100,150,1.10,5.00,1.00,5,200,1897.0
100,150,1.10,5.00,1.00,10,200,1892.0
100,150,1.10,5.00,1.00,15,200,1847.0
100,150,1.60,1.00,0.10,0,200,4642.0
100,150,1.60,1.00,0.10,5,200,2025.0
100,150,1.60,1.00,0.10,10,200,1997.0
100,150,1.60,1.00,0.10,15,200,1946.0
100,150,1.60,1.00,0.40,0,200,4642.0
100,150,1.60,1.00,0.40,5,200,1889.0
100,150,1.60,1.00,0.40,10,200,1966.0
100,150,1.60,1.00,0.40,15,200,1932.0
100,150,1.60,1.00,0.70,0,200,4642.0
100,150,1.60,1.00,0.70,5,200,1908.0
100,150,1.60,1.00,0.70,10,200,1890.0
100,150,1.60,1.00,0.70,15,200,1899.0
100,150,1.60,1.00,1.00,0,200,4642.0
100,150,1.60,1.00,1.00,5,200,3775.0
100,150,1.60,1.00,1.00,10,200,3161.0
100,150,1.60,1.00,1.00,15,200,2714.0
100,150,1.60,2.00,0.10,0,200,3458.0
100,150,1.60,2.00,0.10,5,200,1875.0
100,150,1.60,2.00,0.10,10,200,1869.0
100,150,1.60,2.00,0.10,15,200,1892.0
100,150,1.60,2.00,0.40,0,200,3458.0
100,150,1.60,2.00,0.40,5,200,1859.0
100,150,1.60,2.00,0.40,10,200,1870.0
100,150,1.60,2.00,0.40,15,200,1889.0
100,150,1.60,2.00,0.70,0,200,3458.0
100,150,1.60,2.00,0.70,5,200,1867.0
100,150,1.60,2.00,0.70,10,200,1865.0
100,150,1.60,2.00,0.70,15,200,1845.0
100,150,1.60,2.00,1.00,0,200,3458.0
100,150,1.60,2.00,1.00,5,200,2231.0
100,150,1.60,2.00,1.00,10,200,2044.0
100,150,1.60,2.00,1.00,15,200,1923.0
100,150,1.60,3.00,0.10,0,200,2504.0
100,150,1.60,3.00,0.10,5,200,1881.0
100,150,1.60,3.00,0.10,10,200,1870.0
100,150,1.60,3.00,0.10,15,200,1858.0
100,150,1.60,3.00,0.40,0,200,2686.0
100,150,1.60,3.00,0.40,5,200,1844.0
100,150,1.60,3.00,0.40,10,200,1887.0
100,150,1.60,3.00,0.40,15,200,1885.0
100,150,1.60,3.00,0.70,0,200,2686.0
100,150,1.60,3.00,0.70,5,200,1852.0
100,150,1.60,3.00,0.70,10,200,1843.0
100,150,1.60,3.00,0.70,15,200,1847.0
100,150,1.60,3.00,1.00,0,200,2686.0
100,150,1.60,3.00,1.00,5,200,1994.0
100,150,1.60,3.00,1.00,10,200,1900.0
100,150,1.60,3.00,1.00,15,200,1860.0
100,150,1.60,4.00,0.10,0,200,2239.0
100,150,1.60,4.00,0.10,5,200,1850.0
100,150,1.60,4.00,0.10,10,200,1862.0
100,150,1.60,4.00,0.10,15,200,1857.0
100,150,1.60,4.00,0.40,0,200,2320.0
100,150,1.60,4.00,0.40,5,200,1864.0
100,150,1.60,4.00,0.40,10,200,1843.0
100,150,1.60,4.00,0.40,15,200,1852.0
100,150,1.60,4.00,0.70,0,200,2320.0
100,150,1.60,4.00,0.70,5,200,1846.0
100,150,1.60,4.00,0.70,10,200,1858.0
100,150,1.60,4.00,0.70,15,200,1866.0
100,150,1.60,4.00,1.00,0,200,2320.0
100,150,1.60,4.00,1.00,5,200,1894.0
100,150,1.60,4.00,1.00,10,200,1852.0
100,150,1.60,4.00,1.00,15,200,1842.0
100,150,1.60,5.00,0.10,0,200,2161.0
100,150,1.60,5.00,0.10,5,200,1842.0
100,150,1.60,5.00,0.10,10,200,1877.0
100,150,1.60,5.00,0.10,15,200,1875.0
100,150,1.60,5.00,0.40,0,200,2120.0
100,150,1.60,5.00,0.40,5,200,1891.0
100,150,1.60,5.00,0.40,10,200,1848.0
100,150,1.60,5.00,0.40,15,200,1868.0
100,150,1.60,5.00,0.70,0,200,2120.0
100,150,1.60,5.00,0.70,5,200,1861.0
100,150,1.60,5.00,0.70,10,200,1857.0
100,150,1.60,5.00,0.70,15,200,1846.0
100,150,1.60,5.00,1.00,0,200,2120.0
100,150,1.60,5.00,1.00,5,200,1854.0
100,150,1.60,5.00,1.00,10,200,1842.0
100,150,1.60,5.00,1.00,15,200,1848.0
100,150,2.10,1.00,0.10,0,200,4642.0
100,150,2.10,1.00,0.10,5,200,2070.0
100,150,2.10,1.00,0.10,10,200,2034.0
100,150,2.10,1.00,0.10,15,200,2093.0
100,150,2.10,1.00,0.40,0,200,4642.0
100,150,2.10,1.00,0.40,5,200,1972.0
100,150,2.10,1.00,0.40,10,200,1990.0
100,150,2.10,1.00,0.40,15,200,1971.0
100,150,2.10,1.00,0.70,0,200,4642.0
100,150,2.10,1.00,0.70,5,200,1959.0
100,150,2.10,1.00,0.70,10,200,1927.0
100,150,2.10,1.00,0.70,15,200,1887.0
100,150,2.10,1.00,1.00,0,200,4642.0
100,150,2.10,1.00,1.00,5,200,3413.0
100,150,2.10,1.00,1.00,10,200,2394.0
100,150,2.10,1.00,1.00,15,200,2097.0
100,150,2.10,2.00,0.10,0,200,3458.0
100,150,2.10,2.00,0.10,5,200,1868.0
100,150,2.10,2.00,0.10,10,200,1896.0
100,150,2.10,2.00,0.10,15,200,1906.0
100,150,2.10,2.00,0.40,0,200,3458.0
100,150,2.10,2.00,0.40,5,200,1878.0
100,150,2.10,2.00,0.40,10,200,1869.0
100,150,2.10,2.00,0.40,15,200,1863.0
100,150,2.10,2.00,0.70,0,200,3458.0
100,150,2.10,2.00,0.70,5,200,1884.0
100,150,2.10,2.00,0.70,10,200,1837.0
100,150,2.10,2.00,0.70,15,200,1870.0
100,150,2.10,2.00,1.00,0,200,3458.0
100,150,2.10,2.00,1.00,5,200,2051.0
100,150,2.10,2.00,1.00,10,200,1874.0
100,150,2.10,2.00,1.00,15,200,1848.0
100,150,2.10,3.00,0.10,0,200,2500.0
100,150,2.10,3.00,0.10,5,200,1874.0
100,150,2.10,3.00,0.10,10,200,1857.0
100,150,2.10,3.00,0.10,15,200,1866.0
100,150,2.10,3.00,0.40,0,200,2686.0
100,150,2.10,3.00,0.40,5,200,1840.0
100,150,2.10,3.00,0.40,10,200,1875.0
100,150,2.10,3.00,0.40,15,200,1861.0
100,150,2.10,3.00,0.70,0,200,2686.0
100,150,2.10,3.00,0.70,5,200,1853.0
100,150,2.10,3.00,0.70,10,200,1854.0
100,150,2.10,3.00,0.70,15,200,1875.0
100,150,2.10,3.00,1.00,0,200,2686.0
100,150,2.10,3.00,1.00,5,200,1863.0
100,150,2.10,3.00,1.00,10,200,1836.0
100,150,2.10,3.00,1.00,15,200,1841.0
100,150,2.10,4.00,0.10,0,200,2256.0
100,150,2.10,4.00,0.10,5,200,1843.0
100,150,2.10,4.00,0.10,10,200,1860.0
100,150,2.10,4.00,0.10,15,200,1856.0
100,150,2.10,4.00,0.40,0,200,2320.0
100,150,2.10,4.00,0.40,5,200,1839.0
100,150,2.10,4.00,0.40,10,200,1856.0
100,150,2.10,4.00,0.40,15,200,1837.0
100,150,2.10,4.00,0.70,0,200,2320.0
100,150,2.10,4.00,0.70,5,200,1849.0
100,150,2.10,4.00,0.70,10,200,1847.0
100,150,2.10,4.00,0.70,15,200,1862.0
100,150,2.10,4.00,1.00,0,200,2320.0
100,150,2.10,4.00,1.00,5,200,1866.0
100,150,2.10,4.00,1.00,10,200,1846.0
100,150,2.10,4.00,1.00,15,200,1833.0
100,150,2.10,5.00,0.10,0,200,2161.0
100,150,2.10,5.00,0.10,5,200,1828.0
100,150,2.10,5.00,0.10,10,200,1872.0
100,150,2.10,5.00,0.10,15,200,1866.0
100,150,2.10,5.00,0.40,0,200,2120.0
100,150,2.10,5.00,0.40,5,200,1859.0
100,150,2.10,5.00,0.40,10,200,1851.0
100,150,2.10,5.00,0.40,15,200,1852.0
100,150,2.10,5.00,0.70,0,200,2120.0
100,150,2.10,5.00,0.70,5,200,1832.0
100,150,2.10,5.00,0.70,10,200,1861.0
100,150,2.10,5.00,0.70,15,200,1851.0
100,150,2.10,5.00,1.00,0,200,2120.0
100,150,2.10,5.00,1.00,5,200,1854.0
100,150,2.10,5.00,1.00,10,200,1850.0
100,150,2.10,5.00,1.00,15,200,1835.0
100,150,2.60,1.00,0.10,0,200,4636.0
100,150,2.60,1.00,0.10,5,200,2118.0
100,150,2.60,1.00,0.10,10,200,2026.0
100,150,2.60,1.00,0.10,15,200,2083.0
100,150,2.60,1.00,0.40,0,200,4642.0
100,150,2.60,1.00,0.40,5,200,2018.0
100,150,2.60,1.00,0.40,10,200,1994.0
100,150,2.60,1.00,0.40,15,200,2010.0
100,150,2.60,1.00,0.70,0,200,4642.0
100,150,2.60,1.00,0.70,5,200,1929.0
100,150,2.60,1.00,0.70,10,200,1901.0
100,150,2.60,1.00,0.70,15,200,1955.0
100,150,2.60,1.00,1.00,0,200,4642.0
100,150,2.60,1.00,1.00,5,200,2929.0
100,150,2.60,1.00,1.00,10,200,2001.0
100,150,2.60,1.00,1.00,15,200,1846.0
100,150,2.60,2.00,0.10,0,200,3324.0
100,150,2.60,2.00,0.10,5,200,1894.0
100,150,2.60,2.00,0.10,10,200,1898.0
100,150,2.60,2.00,0.10,15,200,1972.0
100,150,2.60,2.00,0.40,0,200,3458.0
100,150,2.60,2.00,0.40,5,200,1919.0
100,150,2.60,2.00,0.40,10,200,1865.0
100,150,2.60,2.00,0.40,15,200,1857.0
100,150,2.60,2.00,0.70,0,200,3458.0
100,150,2.60,2.00,0.70,5,200,1882.0
100,150,2.60,2.00,0.70,10,200,1879.0
100,150,2.60,2.00,0.70,15,200,1885.0
100,150,2.60,2.00,1.00,0,200,3458.0
100,150,2.60,2.00,1.00,5,200,1900.0
100,150,2.60,2.00,1.00,10,200,1843.0
100,150,2.60,2.00,1.00,15,200,1844.0
100,150,2.60,3.00,0.10,0,200,2686.0
100,150,2.60,3.00,0.10,5,200,1861.0
100,150,2.60,3.00,0.10,10,200,1865.0
100,150,2.60,3.00,0.10,15,200,1867.0
100,150,2.60,3.00,0.40,0,200,2686.0
100,150,2.60,3.00,0.40,5,200,1886.0
100,150,2.60,3.00,0.40,10,200,1865.0
100,150,2.60,3.00,0.40,15,200,1883.0
100,150,2.60,3.00,0.70,0,200,2686.0
100,150,2.60,3.00,0.70,5,200,1853.0
100,150,2.60,3.00,0.70,10,200,1863.0
100,150,2.60,3.00,0.70,15,200,1870.0
100,150,2.60,3.00,1.00,0,200,2686.0
100,150,2.60,3.00,1.00,5,200,1853.0
100,150,2.60,3.00,1.00,10,200,1846.0
100,150,2.60,3.00,1.00,15,200,1852.0
100,150,2.60,4.00,0.10,0,200,2320.0
100,150,2.60,4.00,0.10,5,200,1879.0
100,150,2.60,4.00,0.10,10,200,1893.0
100,150,2.60,4.00,0.10,15,200,1878.0
100,150,2.60,4.00,0.40,0,200,2320.0
100,150,2.60,4.00,0.40,5,200,1869.0
100,150,2.60,4.00,0.40,10,200,1872.0
100,150,2.60,4.00,0.40,15,200,1860.0
100,150,2.60,4.00,0.70,0,200,2320.0
100,150,2.60,4.00,0.70,5,200,1862.0
100,150,2.60,4.00,0.70,10,200,1872.0
100,150,2.60,4.00,0.70,15,200,1856.0
100,150,2.60,4.00,1.00,0,200,2320.0
100,150,2.60,4.00,1.00,5,200,1867.0
100,150,2.60,4.00,1.00,10,200,1855.0
100,150,2.60,4.00,1.00,15,200,1840.0
100,150,2.60,5.00,0.10,0,200,2161.0
100,150,2.60,5.00,0.10,5,200,1870.0
100,150,2.60,5.00,0.10,10,200,1868.0
100,150,2.60,5.00,0.10,15,200,1891.0
100,150,2.60,5.00,0.40,0,200,2120.0
100,150,2.60,5.00,0.40,5,200,1852.0
100,150,2.60,5.00,0.40,10,200,1845.0
100,150,2.60,5.00,0.40,15,200,1841.0
100,150,2.60,5.00,0.70,0,200,2120.0
100,150,2.60,5.00,0.70,5,200,1858.0
100,150,2.60,5.00,0.70,10,200,1869.0
100,150,2.60,5.00,0.70,15,200,1858.0
100,150,2.60,5.00,1.00,0,200,2120.0
100,150,2.60,5.00,1.00,5,200,1853.0
100,150,2.60,5.00,1.00,10,200,1839.0
100,150,2.60,5.00,1.00,15,200,1848.0

Best Result
Dataset Size,Number of Ants,Alpha,Beta,Evaporation,Q,Iterations,Result
100,100,1.60,2.00,0.70,15,200,1820.0
